{
  "thresholds": [
    0.3,
    0.4,
    0.5,
    0.6,
    0.7
  ],
  "metrics": {
    "0.3": {
      "accuracy": [
        0.4533333333333333
      ],
      "precision": [
        0.5
      ],
      "recall": [
        0.006097560975609756
      ],
      "f1": [
        0.012048192771084338
      ]
    },
    "0.4": {
      "accuracy": [
        0.4533333333333333
      ],
      "precision": [
        0.0
      ],
      "recall": [
        0.0
      ],
      "f1": [
        0.0
      ]
    },
    "0.5": {
      "accuracy": [
        0.4533333333333333
      ],
      "precision": [
        0.0
      ],
      "recall": [
        0.0
      ],
      "f1": [
        0.0
      ]
    },
    "0.6": {
      "accuracy": [
        0.4533333333333333
      ],
      "precision": [
        0.0
      ],
      "recall": [
        0.0
      ],
      "f1": [
        0.0
      ]
    },
    "0.7": {
      "accuracy": [
        0.4533333333333333
      ],
      "precision": [
        0.0
      ],
      "recall": [
        0.0
      ],
      "f1": [
        0.0
      ]
    }
  }
}