{
  "performance_summary": {
    "0.3": {
      "accuracy": 0.8333333333333334,
      "precision": 1.0,
      "recall": 0.5,
      "f1": 0.6666666666666666,
      "support": 2.0
    },
    "0.4": {
      "accuracy": 0.6666666666666666,
      "precision": 0.0,
      "recall": 0.0,
      "f1": 0.0,
      "support": 2.0
    },
    "0.5": {
      "accuracy": 0.6666666666666666,
      "precision": 0.0,
      "recall": 0.0,
      "f1": 0.0,
      "support": 2.0
    },
    "0.6": {
      "accuracy": 0.6666666666666666,
      "precision": 0.0,
      "recall": 0.0,
      "f1": 0.0,
      "support": 2.0
    },
    "0.7": {
      "accuracy": 0.6666666666666666,
      "precision": 0.0,
      "recall": 0.0,
      "f1": 0.0,
      "support": 2.0
    }
  },
  "configuration": {
    "n_splits": 2,
    "thresholds": [
      0.3,
      0.4,
      0.5,
      0.6,
      0.7
    ],
    "random_state": 42,
    "batch_size": 32
  }
}